{"train_loss": 0.0014632720002596214, "eval_loss": 0.0016218163613598185, "_timestamp": 1666075277.111986, "_runtime": 34.84273386001587, "_step": 99, "_wandb": {"runtime": 31}}