{"train_loss": 0.0006381460038555057, "eval_loss": 0.0007120690528101659, "_timestamp": 1666074338.2993858, "_runtime": 49.388869762420654, "_step": 99, "_wandb": {"runtime": 46}}