{"train_loss": 0.001253890944624922, "eval_loss": 0.0012560370342259866, "_timestamp": 1666075418.415736, "_runtime": 42.54284405708313, "_step": 99, "_wandb": {"runtime": 39}}