{"train_loss": 0.00014567444152047956, "eval_loss": 0.000144863846716285, "_timestamp": 1666076329.8678887, "_runtime": 48.10655879974365, "_step": 99, "_wandb": {"runtime": 45}}