{"train_loss": 0.0026764999289665965, "eval_loss": 0.002792807491066314, "_timestamp": 1666076010.0516684, "_runtime": 54.54576849937439, "_step": 99, "_wandb": {"runtime": 51}}