{"train_loss": 0.2457658826489771, "eval_loss": 0.24415588386947393, "_timestamp": 1666074960.406739, "_runtime": 33.348718881607056, "_step": 99, "_wandb": {"runtime": 30}}