{"train_loss": 0.028707912384944453, "eval_loss": 0.024208438358792026, "_timestamp": 1666074830.950717, "_runtime": 33.954153060913086, "_step": 99, "_wandb": {"runtime": 30}}