{"train_loss": 0.0011401464536777207, "eval_loss": 0.0012126626157282331, "_timestamp": 1666075916.7767599, "_runtime": 90.86589479446411, "_step": 99, "_wandb": {"runtime": 88}}