{"train_loss": 0.099366956507212, "eval_loss": 0.10192918888410787, "_timestamp": 1665909969.3145578, "_runtime": 67.31867480278015, "_step": 99, "_wandb": {"runtime": 64}}