{"train_loss": 0.015884478186343698, "eval_loss": 0.01832521465305961, "_timestamp": 1666076257.1798947, "_runtime": 55.88573479652405, "_step": 99, "_wandb": {"runtime": 52}}