{"train_loss": 0.06800898306773012, "eval_loss": 0.071700109100004, "_timestamp": 1666075217.3606822, "_runtime": 36.0341112613678, "_step": 99, "_wandb": {"runtime": 33}}