{"train_loss": 0.02437862548071002, "eval_loss": 0.02599775386497915, "_timestamp": 1666074178.411066, "_runtime": 36.68201303482056, "_step": 99, "_wandb": {"runtime": 33}}