{"train_loss": 0.000573802481284044, "eval_loss": 0.0006522840463351683, "_timestamp": 1666076181.3140802, "_runtime": 50.51829814910889, "_step": 99, "_wandb": {"runtime": 47}}