{"train_loss": 0.07855071106118225, "eval_loss": 0.07530605293028239, "_timestamp": 1666074031.328643, "_runtime": 36.631150007247925, "_step": 99, "_wandb": {"runtime": 33}}