{"train_loss": 0.00019303898899424767, "eval_loss": 0.00017924856943878547, "_timestamp": 1666074252.2400012, "_runtime": 37.44716930389404, "_step": 99, "_wandb": {"runtime": 33}}