{"train_loss": 0.0006081134576766315, "eval_loss": 0.0006014266022928081, "_timestamp": 1666075781.7224574, "_runtime": 158.82434844970703, "_step": 99, "_wandb": {"runtime": 155}}