{"train_loss": 0.11121786008792563, "eval_loss": 0.10908578882617219, "_timestamp": 1666074900.1411994, "_runtime": 33.334529399871826, "_step": 99, "_wandb": {"runtime": 30}}