{"train_loss": 0.004713047173625475, "eval_loss": 0.0050288059490367935, "_timestamp": 1666074085.6474447, "_runtime": 33.351980686187744, "_step": 99, "_wandb": {"runtime": 30}}