{"train_loss": 0.002647841351397484, "eval_loss": 0.002704040179244356, "_timestamp": 1666075604.8291905, "_runtime": 45.41891050338745, "_step": 21}