{"train_loss": 0.0853665847873607, "eval_loss": 0.08053110820403941, "_timestamp": 1665910764.5354373, "_runtime": 56.54636836051941, "_step": 99, "_wandb": {"runtime": 53}}