{"train_loss": 0.002578263358656254, "eval_loss": 0.002446916335928204, "_timestamp": 1666075356.890181, "_runtime": 42.9728319644928, "_step": 99, "_wandb": {"runtime": 39}}